x,y,t,energy,particle_id,incidence_energy,incidence_angle
-1272.4824,-105.95958,0.0,11.913824399669627,14,100.0,20
932.69995,-2000.3488,414.0800000000163,4.496257077570902,14,100.0,20
959.89545,-839.4955,1235.2099999999919,0.0145533479935202,14,100.0,20
656.7883,652.2632,2198.2999999999884,6.403706746729236,14,100.0,20
1125.518,309.90414,2330.3800000000047,0.0092098491139997,14,100.0,20
1086.4298,311.10736,2332.040000000008,0.0018188094497068,14,100.0,20
621.1123,2179.917,3726.5499999999884,0.3127677357300713,14,100.0,20
2877.893,2280.4841,12584.320000000007,1.2821086374796289,14,100.0,20
