x,y,t,energy,particle_id,incidence_energy,incidence_angle
-2760.7297,-2378.8406,0.0,1.978980378695824,14,100.0,60
-3043.1406,7.781192,4000.6600000000326,10.58274553232788,14,100.0,60
1092.8394,2283.3704,17134.120000000054,6.20494951987125,14,100.0,60
3914.767,-871.06744,19329.620000000054,0.4100687743718278,14,100.0,60
