x,y,t,energy,particle_id,incidence_energy,incidence_angle
-1215.4451,-100.950714,0.0,11.95249212167138,14,100.0,15
910.19916,-1880.14,361.4400000000023,4.529052867146765,14,100.0,15
-68.994576,913.75995,1316.8400000000256,0.0148078726384285,14,100.0,15
576.2951,-80.936386,1524.8400000000256,0.12344732479484,14,100.0,15
104.57022,1286.7897,1714.5,0.0043735419820911,14,100.0,15
14.23678,1063.933,1817.9800000000105,0.4909094728621557,14,100.0,15
-3118.8296,1700.1555,2516.040000000008,0.4058666689964195,14,100.0,15
381.5103,1424.5747,2516.970000000001,0.3669669223652145,14,100.0,15
