x,y,t,energy,particle_id,incidence_energy,incidence_angle
814.7417,2191.2976,0.0,0.4940134235069288,14,10.0,35
815.9238,2197.3857,14.239999999990687,0.0434195115972539,14,10.0,35
621.6927,2295.859,656.5599999999977,1.4683629699275351,14,10.0,35
1016.5998,2433.11,703.75,0.3038199164448643,14,10.0,35
1452.3989,2374.673,1339.6299999999756,0.5015764041291177,14,10.0,35
1655.3383,1337.0731,5197.049999999988,1.0757108994171771,14,10.0,35
