x,y,t,energy,particle_id,incidence_energy,incidence_angle
-1591.3456,-3832.9521,0.0,3.7742036130779497,14,100.0,50
-2245.0415,-167.80936,4702.25,11.228237973918878,14,100.0,50
