x,y,t,energy,particle_id,incidence_energy,incidence_angle
-1450.0895,-126.26574,0.0,11.79043184794358,14,100.0,30
966.83673,-2376.0737,399.79000000000815,4.3925778242837765,14,100.0,30
-153.01553,-831.9318,967.9500000000116,0.803083379518575,14,100.0,30
1244.8265,-1070.6742,2106.3099999999977,0.0100678608603184,14,100.0,30
-414.7765,672.1594,2187.2600000000093,4.175669895591511,14,100.0,30
-1362.2711,1184.8738,2712.9400000000023,0.2307879983607179,14,100.0,30
