x,y,t,energy,particle_id,incidence_energy,incidence_angle
361.14554,1007.0837,0.0,0.0169031679974694,14,100.0,0
-1202.1006,9.8587,13.279999999998836,11.99612828490659,14,100.0,0
1141.991,-531.8268,148.93999999997322,2.704760410740235,14,100.0,0
996.17084,203.27274,155.3299999999872,2.328075287064737,14,100.0,0
1524.8894,-540.90125,311.5099999999802,1.5445910207873903,14,100.0,0
-2284.3313,-1663.3289,1147.0299999999988,1.3472553352555352,14,100.0,0
-6164.017,4274.2207,2291.579999999987,2.0045417637124863,14,100.0,0
