x,y,t,energy,particle_id,incidence_energy,incidence_angle
-1349.2983,-114.36659,0.0,11.860676488408528,14,100.0,25
952.5494,-2160.9045,434.95999999999185,4.451363879032957,14,100.0,25
1152.9111,1438.4369,4190.909999999974,8.018632498128138,14,100.0,25
800.4364,2274.4546,4888.579999999987,0.2825872669966923,14,100.0,25
790.656,2386.147,4987.659999999974,0.0694488691619116,14,100.0,25
