x,y,t,energy,particle_id,incidence_energy,incidence_angle
-52.410816,4.1321435,0.0,0.0773012912014456,1,1000.0,55
-47.890766,4.6868496,10.610000000000582,0.0190818237296659,1,1000.0,55
-49.03788,6.367454,12.90999999998894,0.0058448320372355,1,1000.0,55
