x,y,t,energy,particle_id,incidence_energy,incidence_angle
-1965.9122,-167.44682,0.0,11.428853836156591,14,100.0,45
-1251.2041,-916.55115,146.01999999998952,2.354421679286143,14,100.0,45
166.48412,247.38432,4333.049999999988,12.312652945372037,14,100.0,45
351.9268,1084.5487,5967.940000000002,7.1203584094753305,14,100.0,45
17.48211,2617.1018,8505.75,2.803603955746524,14,100.0,45
