x,y,t,energy,particle_id,incidence_energy,incidence_angle
-51.221664,2.4993312,0.0,0.0129694578264269,14,1000.0,25
24.168432,51.38393,104.22000000000116,146.11090409523942,14,1000.0,25
