x,y,t,energy,particle_id,incidence_energy,incidence_angle
-2713.779,-4212.1133,0.0,2.024465812781435,14,100.0,5
-1149.5872,-100.48372,84.64000000001397,11.992848782966696,14,100.0,5
-542.902,-114.77676,249.4200000000128,0.0225704598220517,14,100.0,5
-1813.3438,-1703.7891,1776.75,2.3926053783742263,14,100.0,5
